No,値段,画像URL,商品説明
1,[No Price],[No Image],[No Description]
2,"￥62,800",https://m.media-amazon.com/images/I/61bVPm67IwL._AC_UL320_.jpg,2022 Apple iPhone SE (64 GB) - スターライト(第3世代)SIMフリー 5G対応
3,"￥117,800",https://m.media-amazon.com/images/I/61qr5N7ynXL._AC_UL320_.jpg,Apple iPhone 13 (128 GB) - グリーン SIMフリー 5G対応
4,"￥99,800",https://m.media-amazon.com/images/I/61hNJ-mjroL._AC_UL320_.jpg,Apple iPhone 13 mini (128GB) - ミッドナイト SIMフリー 5G対応
5,"￥2,668",https://m.media-amazon.com/images/I/41iWogJnZQL._AC_UL320_.jpg,Apple 20W USB-C電源アダプタ
6,"￥62,800",https://m.media-amazon.com/images/I/61bVPm67IwL._AC_UL320_.jpg,2022 Apple iPhone SE (64 GB) - スターライト(第3世代)SIMフリー 5G対応
7,"￥20,000",https://m.media-amazon.com/images/I/51em+fFP9nL._AC_UL320_.jpg,Apple iPhone 8 64GB ゴールド SIMフリー (整備済み品)
8,"￥81,800",https://m.media-amazon.com/images/I/71nARPST37L._AC_UL320_.jpg,Apple iPhone 12 64GB ブラック SIMフリー (整備済み品)
9,"￥79,800",https://m.media-amazon.com/images/I/81Vif7RfgpL._AC_UL320_.jpg,Apple iPhone 11 Pro 256GB スペースグレー SIMフリー (整備済み品)
10,"￥38,500",https://m.media-amazon.com/images/I/81xyHGximTL._AC_UL320_.jpg,Apple iPhone SE（第2世代） 64GB (PRODUCT)RED SIMフリー (整備済み品)
11,"￥79,800",https://m.media-amazon.com/images/I/71zIQe3muML._AC_UL320_.jpg,Apple iPhone 12 mini 64GB (PRODUCT)RED SIMフリー (整備済み品)
12,"￥57,500",https://m.media-amazon.com/images/I/51ouLeF59YL._AC_UL320_.jpg,Apple iPhone XS 256GB スペースグレー SIMフリー (整備済み品)
13,"￥18,800",https://m.media-amazon.com/images/I/61bHR3kcQZL._AC_UL320_.jpg,Apple iPhone 7 32GB ローズゴールド SIMフリー (整備済み品)
14,"￥42,780",https://m.media-amazon.com/images/I/51Ss0oAIw9L._AC_UL320_.jpg,Apple iPhone XR 64GB ホワイト SIMフリー (整備済み品)
15,"￥99,800",https://m.media-amazon.com/images/I/61hNJ-mjroL._AC_UL320_.jpg,Apple iPhone 13 mini (128GB) - ミッドナイト SIMフリー 5G対応
16,"￥55,800",https://m.media-amazon.com/images/I/713FQflFA3L._AC_UL320_.jpg,Apple iPhone SE (128GB) - (PRODUCT)RED(第2世代)SIMフリー
17,"￥162,800",https://m.media-amazon.com/images/I/71H8ipbuxoL._AC_UL320_.jpg,Apple iPhone 13 (512GB) - ブルーSIMフリー 5G対応
18,"￥16,208",https://m.media-amazon.com/images/I/41cU8VbcwXL._AC_UL320_.jpg,iPhone 11 Smart Battery Case with Wireless Charging - ホワイト
19,"￥4,162",https://m.media-amazon.com/images/I/413fJrmU0xL._AC_UL320_.jpg,iPhone SEシリコーンケース - ホワイト
20,"￥5,355",https://m.media-amazon.com/images/I/71Sn4HE3cLS._AC_UL320_.jpg,Apple AirTagレザーキーリング - (PRODUCT)RED
21,￥704,https://m.media-amazon.com/images/I/61HOm5cXoOL._AC_UL320_.jpg,ラスタバナナ iPhone SE3 SE2 8 7 6s 共用 フィルム 平面保護 ブルーライトカット 高光沢 透明 クリア 日本製 貼り付けガイド アイフォン アイフォンse 第3世代 第2世代 保護フィルム E3318IP247
22,"￥1,824",https://m.media-amazon.com/images/I/61wDIsGbDjL._AC_UL320_.jpg,ラスタバナナ iPhone SE3 SE2 8 7 6s 共用 ガラスフィルム 全面保護 高光沢 透明 クリア 角割れしない ホコリ防止 ゴリラガラス 0.25mm 10H ソフトフレーム 貼り付けガイド ブラック SGG3268IP247
23,￥998,https://m.media-amazon.com/images/I/71szL5PdKHL._AC_UL320_.jpg,"iPhone se3 2022 ケース / iPhone se2 2020 ケース / iPhone8 ケース 手帳型 / iPhone7 ケース 手帳型 Gedurya iPhone se 第3世代 5G ケース手帳型 スタンド機能 カード収納 iPhone se 第2世代 手帳型ケース 手触りのいい 男女共通 iPhone 8 カバー ブック型 耐衝撃 iPhone 7 スマホケース (4.7 インチ対応), ブラック"
24,"￥1,200",https://m.media-amazon.com/images/I/610yFpPbYIL._AC_UL320_.jpg,エレコム iPhone XR ケース 衝撃吸収 ZEROSHOCK スタンダード 【落下時の衝撃から本体を守る】 カーキ PM-A18CZEROKH
25,"￥1,799",https://m.media-amazon.com/images/I/41XZXKvcVbL._AC_UL320_.jpg,Pinkfox iphone PD充電アダプター 20W iphone 充電器 iPhone 急速充電 高耐久 断線防止 iPhone 13/13 Pro/13 Pro Max/12/12 mini/12 Pro/12 Pro Max/11/11 Pro Max/XS/XS Max/XR/X/8/8 Plus/iPad/iPod 各種対応 多機種通常充電可能 PSE基準…
26,"￥2,799",https://m.media-amazon.com/images/I/61uihF-SvdL._AC_UL320_.jpg,Snoopy スヌーピー iPhone 13 用 ケース 手帳型 カード収納 耐衝撃 携帯ケース 高級PUレザー 全面保護 スタンド機能 充電対応 かわいい アイフォン 13 スマホケース
27,"￥2,980",https://m.media-amazon.com/images/I/71esZHYjPvL._AC_UL320_.jpg,TORRAS 全透明 iPhone 13 Pro Max 用ケース 6.7インチ スタンド付き 3WAY置き対応 角度調整可能 アイフォン13ぷろまっくす 用カバー ブラック MoonClimber
28,￥789,https://m.media-amazon.com/images/I/51SXS7OzWhL._AC_UL320_.jpg,USB 急速充電 コンセント iphone 充電器 20W タイプC 充電器 ACアダプター PD3.0 QC3.0 携帯充電器 2ポート スマホ充電器 PSE認証 軽量 iPhone 13 iPad Pro/iPhone 11 Pro Max/iPhone SE/iPhone 8 Plus/Android ローズゴールド
29,"￥1,580",https://m.media-amazon.com/images/I/71qCFPUbU6L._AC_UL320_.jpg,エレコム iPhone SE (第2世代/第3世代) / 8 / 7 / 6s / 6 用 フィルム ゴリラガラス SHOCKPLOOF 衝撃吸収 アンチグレア PM-A22SFLGZOM クリア
30,"￥1,751",https://m.media-amazon.com/images/I/61ITDxXpYRL._AC_UL320_.jpg,HAUTRKBG iPhone SE3 用 ケース iPhone SE2 第2世代 iPhone 8 用ケース 360°全面保護 [両面強化ガラス] [100％画面感度]フルカバー ワイヤレス充電対応 米軍MIL規格取得 耐衝撃 アイフォン se2 クリア ケース・スマホケース iPhone se2/8 人気 4.7インチ(ブルー)
31,"￥1,280",https://m.media-amazon.com/images/I/61--XuRzz4L._AC_UL320_.jpg,iphone se3ガラスフィルムTomaka 極薄タイプ iPhoneSE3用 フィルム(2022) アイフォンse第3世代 保護フィルム いphone se3ガラス 液晶保護 【日本旭硝子製】画面保護シート/炭素繊維 「角割れ」防ぎ /3D全面/気泡なし/干渉しない/高透過率/指紋軽減（4.7ブラック）
32,"￥2,135",https://m.media-amazon.com/images/I/71rSG0f7aJL._AC_UL320_.jpg,MESTRIEV iPhone 13 両面ケース 360°全面保護 [MagSafe対応 内蔵マグネット搭載] [カメラフイルムを贈] [100％画面感度] マグセーフ ワイヤレス充電対応 アイフォン 13 クリア 黄変防止 前後 両面 ケース 米軍MIL規格取得 耐衝撃 ・スマホケース iPhone 13 人気 6.1インチ(ブラック)
33,"￥6,180",https://m.media-amazon.com/images/I/418AAYSiwVL._AC_UL320_.jpg,iPhone 8 Plus / 7 Plusシリコーンケース - ブラック
34,"￥49,880",https://m.media-amazon.com/images/I/61ETfioIA+L._AC_UL320_.jpg,Apple Magic Keyboard (12.9インチiPad Pro - 第5世代) - 英語(UK) - ブラック
35,"￥20,300",https://m.media-amazon.com/images/I/81lGAcLxXML._AC_UL320_.jpg,iPhone 11 Pro Max レザーフォリオ - オウバジーン
36,"￥21,679",https://m.media-amazon.com/images/I/81SaCvwDNjL._AC_UL320_.jpg,iPhone 11 Pro レザーフォリオ - オウバジーン
37,"￥3,599",https://m.media-amazon.com/images/I/61Fj4f0mIjL._AC_UL320_.jpg,Braveby 充電スタンド 3in1充電器 ワイヤレス充電器 Apple Watch充電器 置くだけ充電 iphone充電器 急速充電 アダプタ付属 ワイヤレスチャージャー iphone13/12/11/X/8/7/6、iWatch7/6/5/4/3/2/SE、Airpods1/2/3/Pro各種対応 日本語取扱説明書付属
38,"￥1,990",https://m.media-amazon.com/images/I/818VRP72PnS._AC_UL320_.jpg,アディダスパフォーマンス iPhone 11 Pro クリアケース スモール・ロゴ [adidas Sports Protective Clear Case for iPhone 11 Pro Clear small logo]
