No,達成率,値段,商品説明,詳細URL,画像
1,119%,"1,430,400円",IoT技術を積んだフューチャーバイク vanhawks〜ハンズフリーナビゲート〜,https://www.makuake.com/project/vanhawks-valour/?from=keywordsearch&keyword=Iot&disp_order=1,https://hayabusa.io/makuake/upload/project/1898/main_1898.jpg?width=252&height=142&quality=95&version=1468307684&format=auto&ttl=31536000&mode=eco
2,130%,"2,609,400円",カスタマイズできるIoTデバイス「EveryStamp」、しかもポイント付き！,https://www.makuake.com/project/everysense/?from=keywordsearch&keyword=Iot&disp_order=2,https://hayabusa.io/makuake/upload/project/1093/main_1093.jpg?width=252&height=142&quality=95&version=1441104484&format=auto&ttl=31536000&mode=eco
3,553%,"2,766,460円",『Tomoru』大切なお知らせを通知してくれる、IoTデバイス,https://www.makuake.com/project/tomoru/?from=keywordsearch&keyword=Iot&disp_order=3,https://hayabusa.io/makuake/upload/project/1352/main_1352.jpg?width=252&height=142&quality=95&version=1450250570&format=auto&ttl=31536000&mode=eco
4,162%,"488,620円",【お札は折らない派！】ミニマリストの為のTile搭載【IoTウォレット】,https://www.makuake.com/project/tile_wallet/?from=keywordsearch&keyword=Iot&disp_order=4,https://hayabusa.io/makuake/upload/project/12415/main_12415.png?width=252&height=142&quality=95&version=1605578407&format=auto&ttl=31536000&mode=eco
5,157%,"472,560円",カプセルで香りを楽しむ、IoT技術搭載のスマートアロマディフューザー「Pium」,https://www.makuake.com/project/pium/?from=keywordsearch&keyword=Iot&disp_order=5,https://hayabusa.io/makuake/upload/project/9382/main_9382.png?width=252&height=142&quality=95&version=1589335295&format=auto&ttl=31536000&mode=eco
6,7%,"27,000円",トイレを管理するIoTデバイスを作って、ニッチなサービスを盛り上げたい！！,https://www.makuake.com/project/sysdt/?from=keywordsearch&keyword=Iot&disp_order=6,https://hayabusa.io/makuake/upload/project/7863/main_7863.png?width=252&height=142&quality=95&version=1577757649&format=auto&ttl=31536000&mode=eco
7,632%,"6,327,500円",離れていても家族との繋がりを音で感じる IoT×鳩時計「OQTA」,https://www.makuake.com/project/oqta/?from=keywordsearch&keyword=Iot&disp_order=7,https://hayabusa.io/makuake/upload/project/3286/main_3286.png?width=252&height=142&quality=95&version=1569890249&format=auto&ttl=31536000&mode=eco
8,100%,"1,005,020円",ワークライフに集中力と健康を。IoTスタンディングデスク＜GAZE DESK＞,https://www.makuake.com/project/gazedesk/?from=keywordsearch&keyword=Iot&disp_order=8,https://hayabusa.io/makuake/upload/project/2715/main_2715.jpg?width=252&height=142&quality=95&version=1494385778&format=auto&ttl=31536000&mode=eco
9,142%,"1,428,000円",IoT体験型スマートホステル＜&AND HOSTEL＞が福岡にオープン！,https://www.makuake.com/project/andhostel/?from=keywordsearch&keyword=Iot&disp_order=9,https://hayabusa.io/makuake/upload/project/1862/main_1862.jpg?width=252&height=142&quality=95&version=1494828030&format=auto&ttl=31536000&mode=eco
10,42%,"210,000円",あなたと気持ちがつながる。進化するIoTスマート照明「onia」,https://www.makuake.com/project/onia/?from=keywordsearch&keyword=Iot&disp_order=10,https://hayabusa.io/makuake/upload/project/1518/main_1518.jpg?width=252&height=142&quality=95&version=1454559385&format=auto&ttl=31536000&mode=eco
11,132%,"396,000円","「ピュアスリープIoT睡眠ランプ」で快適な""スマート睡眠ライフをご提供""",https://www.makuake.com/project/puresleep/?from=keywordsearch&keyword=Iot&disp_order=11,https://hayabusa.io/makuake/upload/project/16166/main_16166.png?width=252&height=142&quality=95&version=1621476008&format=auto&ttl=31536000&mode=eco
12,260%,"1,302,496円",あなたの愛犬の健康を全て丸見えに！？ペットケアIoTデバイス「PuppyDoc」,https://www.makuake.com/project/puppydoc/?from=keywordsearch&keyword=Iot&disp_order=12,https://hayabusa.io/makuake/upload/project/13765/main_13765.jpg?width=252&height=142&quality=95&version=1615168802&format=auto&ttl=31536000&mode=eco
13,22%,"458,940円",手軽に「いつも通り」がわかる。親を想うきっかけIoTサービス【omu】,https://www.makuake.com/project/omu/?from=keywordsearch&keyword=Iot&disp_order=13,https://hayabusa.io/makuake/upload/project/10423/main_10423.png?width=252&height=142&quality=95&version=1600048822&format=auto&ttl=31536000&mode=eco
14,111%,"892,568円",【手軽に照明をIoTに】誰でも使えるマルチコントロール スマートLED電球！,https://www.makuake.com/project/toligo-smart-led/?from=keywordsearch&keyword=Iot&disp_order=14,https://hayabusa.io/makuake/upload/project/8631/main_8631.jpg?width=252&height=142&quality=95&version=1582596010&format=auto&ttl=31536000&mode=eco
15,3444%,"10,332,560円",どんな財布より速く、薄く、小さく、賢い。『フレキシブルIoT財布TIME』,https://www.makuake.com/project/time/?from=keywordsearch&keyword=Iot&disp_order=15,https://hayabusa.io/makuake/upload/project/5730/main_5730.jpg?width=252&height=142&quality=95&version=1554429605&format=auto&ttl=31536000&mode=eco
